SKU,MODEL,Synonym,PART BRAND,Item Name,Synonmys_1,Synonmys_2,Warehouse Name,Stock On Hand,Price without GST,GST,Price with GST,,,,,,,,,,,,,,
SKU00334741,VJ81,SB81,IMPORTED,"20TON ROCK BREAKER GATE VALVE 1""",GATE VALVE,GATE VALVE,Pune Warehouse,2,1034,18%,1220,,,,,,,,,,,,,,
SKU00218450,VJ43,SB43,IMPORTED,BALL VALVE,GATE VALVE,GATE VALVE,Pune Warehouse,2,975,18%,1150,,,,,,,,,,,,,,
SKU00218733,VJ50,SB50,IMPORTED,BALL VALVE,GATE VALVE,GATE VALVE,Pune Warehouse,2,1034,18%,1220,,,,,,,,,,,,,,
SKU00284292,2200AB,2200AB,IMPORTED,Biscuit Lock Pin,Biscuit,Biscuit,Pune Warehouse,10,186,18%,220,,,,,,,,,,,,,,
SKU00218441,2200AB,2200AB,IMPORTED,Biscuit Lock Pin,Biscuit,Biscuit,YL SmartCity CDC,4,186,18%,220,,,,,,,,,,,,,,
SKU00218724,VJ50,SB50,IMPORTED,BISCUIT LOCKING PIN,Biscuit,Biscuit,Pune Warehouse,10,144,18%,170,,,,,,,,,,,,,,
SKU00334684,VJ50,SB50,IMPORTED,BISCUIT LOCKING PIN,Biscuit,Biscuit,Pune Warehouse,98,195,18%,230,,,,,,,,,,,,,,
SKU00218723,VJ50,SB50,IMPORTED,Biscuit Locking Pin,Biscuit,Biscuit,Pune Warehouse,10,144,18%,170,,,,,,,,,,,,,,
SKU00218725,VJ50,SB50,IMPORTED,BISCUIT WITH HOLE SB50,Biscuit with hole,Biscuit with hole,Pune Warehouse,18,1034,18%,1220,,,,,,,,,,,,,,
SKU00179086,VJ50,SB50,IMPORTED,BISCUIT WITHOUT HOLE,Biscuit without hole,Biscuit without hole,Pune Warehouse,20,864,18%,1020,,,,,,,,,,,,,,
SKU00205043,VJ81,SB81,IMPORTED,Bolt,BRACKET PIN LOCKING BOLT,BRACKET PIN LOCKING BOLT,YL SmartCity CDC,2,102,18%,120,,,,,,,,,,,,,,
SKU00218449,VJ43,SB43,IMPORTED,Collar Bush,Collar Bush,Collar Bush,Pune Warehouse,8,1441,18%,1700,,,,,,,,,,,,,,
SKU00218732,VJ43,SB43,IMPORTED,GAS CYLINDER 4KG,GAS CYLINDER 4KG,GAS CYLINDER 4KG,Pune Warehouse,5,4025,18%,4750,,,,,,,,,,,,,,
SKU00335027,VJ50,SB50,IMPORTED,GAS CYLINDER 8KG,GAS CYLINDER 8KG,GAS CYLINDER 8KG,Pune Warehouse,1,5178,18%,6110,,,,,,,,,,,,,,
SKU00336018,VJ30,SB30,IMPORTED,Guide Valve,Guide Valve,Guide Valve,Pune Warehouse,1,9203,18%,10860,,,,,,,,,,,,,,
SKU00336016,VJ81,SB81,INDIAN MANUFACTURER,Hex Bolt M14x150,BRACKET PIN LOCKING BOLT,BRACKET PIN LOCKING BOLT,Pune Warehouse,2,288,18%,340,,,,,,,,,,,,,,
SKU00217505,VJ81,SB81,INDIAN MANUFACTURER,Hex bolt M24x110,BRACKET PIN LOCKING BOLT,BRACKET PIN LOCKING BOLT,Pune Warehouse,8,347,18%,410,,,,,,,,,,,,,,
SKU00218735,VJ43,SB43,IMPORTED,Lock Collar Bush,STOPPER RING,STOPPER RING,Pune Warehouse,8,458,18%,540,,,,,,,,,,,,,,
SKU00281120,VJ50,SB50,IMPORTED,PAD SET WITH PLUS PAD,PAD SET,PAD SET,Pune Warehouse,8,10924,18%,12890,,,,,,,,,,,,,,
SKU00281112,VJ50,SB50,IMPORTED,PEDAL ASSEMBLY,PEDAL ASSEMBLY,PEDAL ASSEMBLY,Pune Warehouse,2,347,18%,410,,,,,,,,,,,,,,
SKU00125673,VJ40,SB40,IMPORTED,PEDAL ASSEMBLY,PEDAL ASSEMBLY,PEDAL ASSEMBLY,Pune Warehouse,3,347,18%,410,,,,,,,,,,,,,,
SKU00334298,JS215,JS215,IMPORTED,Piping Kit With Return Line Filter,Piping Kit With Return Line Filter,Piping Kit With Return Line Filter,YL SmartCity CDC,1,67644,18%,79820,,,,,,,,,,,,,,
SKU00335218,VJ81,SB81,IMPORTED,RCB RUBBER BOOT,LOCK PIN STOPPER,LOCK PIN STOPPER,Pune Warehouse,78,34,18%,40,,,,,,,,,,,,,,
SKU00335922,VJ81,SB81,IMPORTED,ROCK BREAKER ADJUSTER VALVE,FLOW ADJUSTER VALVE,FLOW ADJUSTER VALVE,Pune Warehouse,39,347,18%,410,,,,,,,,,,,,,,
SKU00334073,VJ81,SB81,IMPORTED,ROCK BREAKER ADJUSTER VALVE,FLOW ADJUSTER VALVE,FLOW ADJUSTER VALVE,Not available,1,347,18%,410,,,,,,,,,,,,,,
SKU00216562,VJ81,SB81,IMPORTED,ROCK BREAKER BALL VALVE,GATE VALVE,GATE VALVE,YL SmartCity CDC,1,2390,18%,2820,,,,,,,,,,,,,,
SKU00203993,VJ40,SB40,IMPORTED,ROCK BREAKER BISCUIT,Biscuit,Biscuit,Pune Warehouse,3,449,18%,530,,,,,,,,,,,,,,
SKU00334341,MB1500,MB1500,IMPORTED,Rock Breaker Biscuit Lock Pin,Biscuit,Biscuit,YL SmartCity CDC,2,458,18%,540,,,,,,,,,,,,,,
SKU00336133,VJ81,SB81,VAJRA,Rock breaker Biscuit Without Hole (Chisel Pin),Biscuit without hole,Biscuit without hole,Pune Warehouse,4,1153,18%,1360,,,,,,,,,,,,,,
SKU00216567,VJ81,SB81,VAJRA,Rock breaker Biscuit Without Hole (Chisel Pin),Biscuit without hole,Biscuit without hole,YL SmartCity CDC,2,1153,18%,1360,,,,,,,,,,,,,,
SKU00216580,VJ43,SB43,IMPORTED,"ROCK BREAKER BUSH (COD=75mm,L=63mm, ID=45mm)",Collar Bush,Collar Bush,Pune Warehouse,77,881,18%,1040,,,,,,,,,,,,,,
SKU00216554,VJ30,SB30,IMPORTED,ROCK BREAKER END HOSE,ROCK BREAKER  HYDRAULIC HOSE,ROCK BREAKER  HYDRAULIC HOSE,Pune Warehouse,2,2873,18%,3390,,,,,,,,,,,,,,
SKU00334030,VJ43,SB43,IMPORTED,Rock Breaker Pad Set,PAD SET,PAD SET,Pune Warehouse,6,2992,18%,3530,,,,,,,,,,,,,,
SKU00335237,VJ81,SB81,IMPORTED,Rock Breaker Pad Set,PAD SET,PAD SET,Pune Warehouse,1,12653,18%,14930,,,,,,,,,,,,,,
SKU00335176,VJ40,SB40,IMPORTED,Rock Breaker Pad Set,PAD SET,PAD SET,Pune Warehouse,11,1441,18%,1700,,,,,,,,,,,,,,
SKU00334340,VJ40,SB40,IMPORTED,ROCK BREAKER PAD SET,PAD SET,PAD SET,YL SmartCity CDC,1,14246,18%,16810,,,,,,,,,,,,,,
SKU00216565,VJ43,SB43,IMPORTED,ROCK BREAKER PIN & BUSH (Pin OD-50MM),BRACKET PIN & BUSH (Pin OD-50MM),BRACKET PIN & BUSH (Pin OD-50MM),Pune Warehouse,1,7475,18%,8820,,,,,,,,,,,,,,
SKU00218443,VJ81,SB81,IMPORTED,ROCK BREAKER PIN & BUSH SET,BRACKET PIN & BUSH SET,BRACKET PIN & BUSH SET,Pune Warehouse,3,11339,18%,13380,,,,,,,,,,,,,,
SKU00334094,VJ43,SB43,IMPORTED,ROCK BREAKER PIN (45*370mm),BRACKET PIN,BRACKET PIN,Pune Warehouse,24,1153,18%,1360,,,,,,,,,,,,,,
SKU00218451,VJ43,SB43,IMPORTED,Rock Breaker Seal Kit,SEAL KIT,SEAL KIT,Pune Warehouse,2,1153,18%,1360,,,,,,,,,,,,,,
SKU00218727,VJ43,SB43,IMPORTED,ROCKBREAKER BUSH SET,FRONT HEAD BUSH SET,FRONT HEAD BUSH SET,Pune Warehouse,11,3102,18%,3660,,,,,,,,,,,,,,
SKU00217504,VJ40,SB40,IMPORTED,ROCKBREAKER BUSH SET,FRONT HEAD BUSH SET,FRONT HEAD BUSH SET,Pune Warehouse,10,2068,18%,2440,,,,,,,,,,,,,,
SKU00334688,VJ43,SB43,VAJRA,ROCKBREAKER END HOSE,ROCK BREAKER  HYDRAULIC HOSE,ROCK BREAKER  HYDRAULIC HOSE,Pune Warehouse,93,5178,18%,6110,,,,,,,,,,,,,,
SKU00334693,VJ43,SB43,AFTER MARKET,ROCKBREAKER FRONT HEAD,FRONT HEAD,FRONT HEAD,Pune Warehouse,1,36686,18%,43290,,,,,,,,,,,,,,
SKU00334626,VJ43,SB43,IMPORTED,Rockbreaker Pin,BRACKET PIN,BRACKET PIN,Pune Warehouse,4,1153,18%,1360,,,,,,,,,,,,,,
SKU00218446,VJ40,SB40,IMPORTED,Rockbreaker Piston,ROCK BREAKER PISTON,ROCK BREAKER PISTON,Pune Warehouse,3,9203,18%,10860,,,,,,,,,,,,,,
SKU00281111,VJ30,SB30,VAJRA,Rockbreaker Piston,ROCK BREAKER PISTON,ROCK BREAKER PISTON,Pune Warehouse,2,20127,18%,23750,,,,,,,,,,,,,,
SKU00336131,VJ131,SB121,IMPORTED,ROCKBREAKER SEAL KIT,SEAL KIT,SEAL KIT,Not available,1,19551,18%,23070,,,,,,,,,,,,,,
SKU00335107,VJ43,SB43,IMPORTED,ROCKBREAKER THROUGH BOLT,THROUGH BOLT,THROUGH BOLT,Pune Warehouse,17,1093,18%,1290,,,,,,,,,,,,,,
SKU00335106,VJ40,SB40,IMP,ROCKBREAKER THROUGH BOLT,THROUGH BOLT,THROUGH BOLT,Pune Warehouse,9,839,18%,990,,,,,,,,,,,,,,
SKU00335105,VJ40,SB40,IMP,ROCKBREAKER THROUGH BOLT,THROUGH BOLT,THROUGH BOLT,YL SmartCity CDC,2,839,18%,990,,,,,,,,,,,,,,
SKU00335900,VJ81,SB81,IMPORTED,ROD PIN BAR,TOOL PIN,TOOL PIN,Pune Warehouse,12,576,18%,680,,,,,,,,,,,,,,
SKU00336128,VJ43,SB43,IMPORTED,Rubber Set,RUBBER BOOT SET,RUBBER BOOT SET,Pune Warehouse,2,3449,18%,4070,,,,,,,,,,,,,,
SKU00335108,VJ50,SB50,IMPORTED,Rubber Set,RUBBER BOOT SET,RUBBER BOOT SET,Pune Warehouse,4,4025,18%,4750,,,,,,,,,,,,,,
SKU00335216,VJ131,SB121,IMPORTED,SB131 PLUS PAD,PLUS PAD,PLUS PAD,Pune Warehouse,3,11500,18%,13570,,,,,,,,,,,,,,
SKU00218442,VJ131,SB121,IMPORTED,SB131 PLUS PAD,PLUS PAD,PLUS PAD,Not available,1,11500,18%,13570,,,,,,,,,,,,,,
SKU00281054,VJ20,SB20,IMPORTED,SB20 BRACKET,ROCK BREAKER BRACKET,ROCK BREAKER BRACKET,Pune Warehouse,2,11500,18%,13570,,,,,,,,,,,,,,
SKU00216566,VJ20,SB20,KEDIAS,SB20 ROCK BREAKER SEAL KIT,SEAL KIT,SEAL KIT,Not available,2,1492,18%,1760,,,,,,,,,,,,,,
SKU00281116,VJ30,SB30,IMPORTED,SB30 ROCK BREAKER SEAL KIT,SEAL KIT,SEAL KIT,Pune Warehouse,3,1729,18%,2040,,,,,,,,,,,,,,
SKU00334975,VJ30,SB30,IMPORTED,SB30 ROCK BREAKER SEAL KIT,SEAL KIT,SEAL KIT,YL SmartCity CDC,1,1729,18%,2040,,,,,,,,,,,,,,
SKU00335901,VJ30,SB30,IMPORTED,SB30 ROCK BREAKER SEAL KIT,SEAL KIT,SEAL KIT,Not available,1,1729,18%,2040,,,,,,,,,,,,,,
SKU00217277,VJ43,SB43,IMPORTED,SB43 BREAKER BRACKET,BREAKER BRACKET,BREAKER BRACKET,Pune Warehouse,1,92000,18%,108560,,,,,,,,,,,,,,
SKU00217886,VJ40,SB40,IMPORTED,SB43 ROCK BREAKER BISCUIT,Biscuit,Biscuit,Pune Warehouse,18,517,18%,610,,,,,,,,,,,,,,
SKU00336129,VJ43,SB43,KRIVI,SB43 ROCK BREAKER BISCUIT,Biscuit,Biscuit,Pune Warehouse,3,483,18%,570,,,,,,,,,,,,,,
SKU00335918,VJ43,SB43,IMPORTED,SB43 ROCK BREAKER SEAL KIT,SEAL KIT,SEAL KIT,Pune Warehouse,2,1153,18%,1360,,,,,,,,,,,,,,
SKU00335920,VJ43,SB43,IMPORTED,SB43 ROCK BREAKER SEAL KIT,SEAL KIT,SEAL KIT,Not available,1,1153,18%,1360,,,,,,,,,,,,,,
SKU00335919,VJ50,SB50,IMPORTED,SB50 ROCK BREAKER SEAL KIT,SEAL KIT,SEAL KIT,Pune Warehouse,3,1169,18%,1380,,,,,,,,,,,,,,
SKU00205335,VJ50,SB50,IMPORTED,SB50 ROCK BREAKER SIDE PAD,ROCK BREAKER SEAL KIT,ROCK BREAKER SEAL KIT,Pune Warehouse,13,686,18%,810,,,,,,,,,,,,,,
SKU00335247,VJ50,SB50,IMPORTED,"SB50 SUPPORT BAR PAD (L=180MM,W=40MM,HOLE DIA-27MM, HOLE TO HOLE=35MM)",SIDE SUPPORT BOLT PAD,SIDE SUPPORT BOLT PAD,Pune Warehouse,3,398,18%,470,,,,,,,,,,,,,,
SKU00203995,VJ81,SB81,IMPORTED,SB81 BISCUIT LOCKING PIN,Biscuit,Biscuit,Pune Warehouse,22,229,18%,270,,,,,,,,,,,,,,
SKU00217278,VJ81,SB81,IMPORTED,SB81 BISCUIT LOCKING PIN,Biscuit,Biscuit,YL SmartCity CDC,4,229,18%,270,,,,,,,,,,,,,,
SKU00216579,VJ81,SB81,IMPORTED,SB81 BISCUIT WITH HOLE,Biscuit with hole,Biscuit with hole,Pune Warehouse,12,2186,18%,2580,,,,,,,,,,,,,,
SKU00336130,VJ81,SB81,IMPORTED,SB81 BOTTOM PAD,BOTTOM PAD,BOTTOM PAD,YL SmartCity CDC,1,4025,18%,4750,,,,,,,,,,,,,,
SKU00335995,VJ81,SB81,IMPORTED,SB81 Breaker Collar Bush,Collar Bush,Collar Bush,YL SmartCity CDC,1,2297,18%,2710,,,,,,,,,,,,,,
SKU00335890,VJ81,SB81,IMPORTED,SB81 Breaker Pin Lock Bolt,BRACKET PIN LOCKING BOLT,BRACKET PIN LOCKING BOLT,Pune Warehouse,4,288,18%,340,,,,,,,,,,,,,,
SKU00281109,VJ81,SB81,IMPORTED,SB81 Breaker Pin Lock Collar,STOPPER RING,STOPPER RING,YL SmartCity CDC,2,517,18%,610,,,,,,,,,,,,,,
SKU00216786,VJ81,SB81,IMPORTED,SB81 CYLINDER BODY,CYLINDER BODY,CYLINDER BODY,Not available,1,86254,18%,101780,,,,,,,,,,,,,,
SKU00216787,VJ81,SB81,IMPORTED,SB81 PLUS PAD,PLUS PAD,PLUS PAD,Pune Warehouse,2,9203,18%,10860,,,,,,,,,,,,,,
SKU00217279,VJ81,SB81,IMPORTED,SB81 PLUS PAD,PLUS PAD,PLUS PAD,YL SmartCity CDC,1,9203,18%,10860,,,,,,,,,,,,,,
SKU00217280,VJ81,SB81,VAJRA,SB81 Rock Breaker Piston,ROCK BREAKER PISTON,ROCK BREAKER PISTON,YL SmartCity CDC,1,32203,18%,38000,,,,,,,,,,,,,,
SKU00335998,VJ81,SB81,VAJRA,SB81 Rock Breaker Piston,ROCK BREAKER PISTON,ROCK BREAKER PISTON,Not available,1,32203,18%,38000,,,,,,,,,,,,,,
SKU00337255,VJ81,SB81,VAJRA,SB81 Rock Breaker Piston,ROCK BREAKER PISTON,ROCK BREAKER PISTON,Not available,2,32203,18%,38000,,,,,,,,,,,,,,
SKU00216571,VJ81,SB81,IMPORTED,SB81 ROCKBREAKER BUSH SET,FRONT HEAD BUSH SET,FRONT HEAD BUSH SET,Pune Warehouse,6,7475,18%,8820,,,,,,,,,,,,,,
SKU00335938,VJ81,SB81,SVS,SB81 SEAL KIT,SEAL KIT,SEAL KIT,Pune Warehouse,7,1729,18%,2040,,,,,,,,,,,,,,
SKU00335135,VJ81,SB81,SVS,SB81 SEAL KIT,SEAL KIT,SEAL KIT,YL SmartCity CDC,3,1729,18%,2040,,,,,,,,,,,,,,
SKU00335999,VJ81,SB81,SVS,SB81 SIDE PAD,SIDE PAD,SIDE PAD,YL SmartCity CDC,10,1381,18%,1630,,,,,,,,,,,,,,
SKU00334952,VJ81,SB81,SVS,SB81 SUPPORT BAR PAD,SIDE SUPPORT BOLT PAD,SIDE SUPPORT BOLT PAD,Pune Warehouse,8,686,18%,810,,,,,,,,,,,,,,
SKU00217282,VJ81,SB81,IMPORTED,SB81 SUPPORT BOLT HOUSING,SIDE SUPPORT BOLT HOUSING,SIDE SUPPORT BOLT HOUSING,Pune Warehouse,6,3449,18%,4070,,,,,,,,,,,,,,
SKU00208607,VJ40,SB40,IMPORTED,SEAL KIT,SEAL KIT,SEAL KIT,Pune Warehouse,6,1153,18%,1360,,,,,,,,,,,,,,
SKU00086622,VJ50,SB50,IMPORTED,Side Bolts,SIDE SUPPORT BOLT PAD,SIDE SUPPORT BOLT PAD,Pune Warehouse,2,1381,18%,1630,,,,,,,,,,,,,,
SKU00334027,VJ81,SB81,IMPORTED,Side Bolts,SIDE SUPPORT BOLT PAD,SIDE SUPPORT BOLT PAD,Pune Warehouse,7,958,18%,1130,,,,,,,,,,,,,,
SKU00212461,VJ43,SB43,IMPORTED,"Stopper/Lock Collar (OD=75mm,ID=45mm,Thickness= 20mm)",STOPPER RING,STOPPER RING,Pune Warehouse,45,458,18%,540,,,,,,,,,,,,,,
SKU00213232,VJ50,SB50,AFTER MARKET,VJ50 POWERCELL,POWERCEL,POWERCEL,Not available,1,172500,18%,203550,,,,,,,,,,,,,,
SKU00209799,VJ50,SB50,PARKER,VJ50 ROCK BREAKER SEAL KIT,SEAL KIT,SEAL KIT,Pune Warehouse,8,1153,18%,1360,,,,,,,,,,,,,,
SKU00208652,VJ50,SB50,PARKER,VJ50 ROCK BREAKER SEAL KIT,SEAL KIT,SEAL KIT,YL SmartCity CDC,1,1153,18%,1360,,,,,,,,,,,,,,
SKU00212105,VJ81,SB81,AFTER MARKET,VJ81 HD POWERCELL,POWERCEL,POWERCEL,Not available,1,207000,18%,244260,,,,,,,,,,,,,,
SKU00210443,VJ43,SB43,AFTER MARKET,"Washer (OD=75mm,ID=45mm,Thickness=8mm)",BRACKET PIN WASHER,BRACKET PIN WASHER,Pune Warehouse,42,305,18%,360,,,,,,,,,,,,,,
SKU00205594,VJ81,SB81,IMPORTED,Breaker Pads Set,PAD SET,PAD SET,Not available,0,15000,18%,17700,,,,,,,,,,,,,,
SKU00210425,3DX,3DX,IMPORTED,Breaker Piping Kit (SB43),Piping Kit,Piping Kit,Not available,0,56254,18%,66380,,,,,,,,,,,,,,
SKU00201997,DMB210,DMB210,HHQ,Chisel Blunt 135*1300 40 cr,DMB210 Blunt Chisel  40 cr,DMB210 Blunt Chisel  40 cr,Not available,0,15000,18%,17700,,,,,,,,,,,,,,
SKU00201990,MB1500,MB1500,HHQ,Chisel Blunt 135*1300 42 cr,MB1500 Blunt Chisel  42 cr,MB1500 Blunt Chisel  42 cr,Not available,0,17000,18%,20060,,,,,,,,,,,,,,
SKU00201998,DMB210,DMB210,HHQ,Chisel Blunt 135*1300 42 cr,DMB210 Blunt Chisel  42 cr,DMB210 Blunt Chisel  42 cr,Not available,0,17000,18%,20060,,,,,,,,,,,,,,
SKU00309056,MB1500,MB1500,VAJRA ECO,Chisel Blunt 135*1300 42Cr (VAJRA-ECO),MB1500 Blunt Chisel  42Cr,MB1500 Blunt Chisel  42Cr,Not available,0,15000,18%,17700,,,,,,,,,,,,,,
SKU00309057,DMB210,DMB210,VAJRA-ECONOMY,Chisel Blunt 135*1300 42Cr (VAJRA-ECO),DMB210 Blunt Chisel  42Cr,DMB210 Blunt Chisel  42Cr,Not available,0,15000,18%,17700,,,,,,,,,,,,,,
SKU00205050,MB1500,MB1500,VAJRA,Chisel Blunt 40 CR 135*1300,MB1500 Blunt Chisel 40 CR ,MB1500 Blunt Chisel 40 CR ,Not available,0,15000,18%,17700,,,,,,,,,,,,,,
SKU00205056,DMB210,DMB210,VAJRA,Chisel Blunt 40 CR 135*1300,DMB210 Blunt Chisel 40 CR ,DMB210 Blunt Chisel 40 CR ,Not available,0,15000,18%,17700,,,,,,,,,,,,,,
SKU00205051,MB1500,MB1500,VAJRA,Chisel Blunt 42 CR 135*1300,MB1500 Blunt Chisel 42 CR ,MB1500 Blunt Chisel 42 CR ,Not available,0,17000,18%,20060,,,,,,,,,,,,,,
SKU00205057,DMB210,DMB210,VAJRA,Chisel Blunt 42 CR 135*1300,DMB210 Blunt Chisel 42 CR ,DMB210 Blunt Chisel 42 CR ,Not available,0,17000,18%,20060,,,,,,,,,,,,,,
SKU00216365,DMB215,DMB215,VAJRA,Chisel Blunt 42 CR 135*1300,DMB215 Blunt Chisel 42 CR ,DMB215 Blunt Chisel 42 CR ,Not available,0,17000,18%,20060,,,,,,,,,,,,,,
SKU00334821,MB1200,MB1200,VAJRA,CHISEL BLUNT 42CR,MB1200 Blunt Chisel 42CR,MB1200 Blunt Chisel 42CR,Not available,0,14797,18%,17460,,,,,,,,,,,,,,
SKU00201991,MB1500,MB1500,HHQ,Chisel Wedge 135*1300 40 cr,MB1500 Wedge Chisel  40 cr,MB1500 Wedge Chisel  40 cr,Not available,0,15000,18%,17700,,,,,,,,,,,,,,
SKU00201992,MB1500,MB1500,HHQ,Chisel Wedge 135*1300 42 cr,MB1500 Wedge Chisel  42 cr,MB1500 Wedge Chisel  42 cr,Not available,0,17000,18%,20060,,,,,,,,,,,,,,
SKU00202000,DMB210,DMB210,HHQ,Chisel Wedge 135*1300 42 cr,DMB210 Wedge Chisel  42 cr,DMB210 Wedge Chisel  42 cr,Not available,0,17000,18%,20060,,,,,,,,,,,,,,
SKU00205058,DMB210,DMB210,VAJRA,Chisel Wedge 40 CR 135*1300,DMB210 Wedge Chisel 40 CR ,DMB210 Wedge Chisel 40 CR ,Not available,0,15000,18%,17700,,,,,,,,,,,,,,
SKU00205052,MB1500,MB1500,VAJRA,Chisel Wedge 40 CR 135*1300,MB1500 Wedge Chisel 40 CR ,MB1500 Wedge Chisel 40 CR ,Not available,0,15000,18%,17700,,,,,,,,,,,,,,
SKU00205048,DMB210,DMB210,VAJRA,Chisel Wedge 40 CR 140*1300,DMB210 Wedge Chisel 40 CR ,DMB210 Wedge Chisel 40 CR ,Not available,0,15500,18%,18290,,,,,,,,,,,,,,
SKU00205053,MB1500,MB1500,VAJRA,Chisel Wedge 42 CR 135*1300,MB1500 Wedge Chisel 42 CR ,MB1500 Wedge Chisel 42 CR ,Not available,0,17000,18%,20060,,,,,,,,,,,,,,
SKU00205059,DMB210,DMB210,VAJRA,Chisel Wedge 42 CR 135*1300,DMB210 Wedge Chisel 42 CR ,DMB210 Wedge Chisel 42 CR ,Not available,0,17000,18%,20060,,,,,,,,,,,,,,
SKU00203994,VJ81,SB81,VAJRA,Front Head With Bush,Front Head With Bush,Front Head With Bush,Not available,0,62000,18%,73160,,,,,,,,,,,,,,
SKU00281113,VJ40,SB40,IMPORTED,GAS CYLINDER 4 KG,GAS CYLINDER 4 KG,GAS CYLINDER 4 KG,Not available,0,3297,18%,3890,,,,,,,,,,,,,,
SKU00281115,VJ43,SB43,IMPORTED,GAS CYLINDER 4 KG,GAS CYLINDER 4 KG,GAS CYLINDER 4 KG,Not available,0,3297,18%,3890,,,,,,,,,,,,,,
SKU00216612,VJ50,SB50,IMPORTED,Gas Cylinder 8KG,Gas Cylinder 8KG,Gas Cylinder 8KG,Not available,0,4500,18%,5310,,,,,,,,,,,,,,
SKU00218452,VJ43,SB43,IMPORTED,PAD SET WITH PLUS PAD,PAD SET,PAD SET,Not available,0,2703,18%,3190,,,,,,,,,,,,,,
SKU00217283,VJ81,SB81,IMPORTED,PAD SET WITH PLUS PAD,PAD SET,PAD SET,Not available,0,12500,18%,14750,,,,,,,,,,,,,,
SKU00281059,VJ43,SB43,KRIVI,PAD SET WITH PLUS PAD,PAD SET,PAD SET,Not available,0,2500,18%,2950,,,,,,,,,,,,,,
SKU00203528,VJ50,SB50,IMPORTED,Piping Kit,Piping Kit,Piping Kit,Not available,0,56254,18%,66380,,,,,,,,,,,,,,
SKU00218462,VJ43,SB43,IMPORTED,PIPING KIT WITH RETURN LINE FILTER,Piping Kit With Return Line Filter,Piping Kit With Return Line Filter,Not available,0,32000,18%,37760,,,,,,,,,,,,,,
SKU00216576,VJ50,SB50,IMPORTED,Rock Breaker Biscuit,Biscuit,Biscuit,Not available,0,797,18%,940,,,,,,,,,,,,,,
SKU00281119,VJ50,SB50,IMPORTED,ROCK BREAKER BISCUIT WITHOUT HOLE,Biscuit without hole,Biscuit without hole,Not available,0,822,18%,970,,,,,,,,,,,,,,
SKU00334337,VJ81,SB81,IMPORTED,ROCK BREAKER BUSH,ROCK BREAKER BUSH,ROCK BREAKER BUSH,Not available,0,1525,18%,1800,,,,,,,,,,,,,,
SKU00334338,VJ50,SB50,IMPORTED,ROCK BREAKER BUSH,ROCK BREAKER BUSH,ROCK BREAKER BUSH,Not available,0,1500,18%,1770,,,,,,,,,,,,,,
SKU00217874,VJ81,SB81,IMPORTED,Rock Breaker End Hose With Spring,Rock Breaker End Hose With Spring,Rock Breaker End Hose With Spring,Not available,0,3500,18%,4130,,,,,,,,,,,,,,
SKU00281117,VJ50,SB50,IMPORTED,ROCK BREAKER PAD SET,PAD SET,PAD SET,Not available,0,6958,18%,8210,,,,,,,,,,,,,,
SKU00216583,VJ81,SB81,IMPORTED,Rock Breaker Pedal Assembly,Rock Breaker Pedal Assembly,Rock Breaker Pedal Assembly,Not available,0,797,18%,940,,,,,,,,,,,,,,
SKU00334336,VJ81,SB81,IMPORTED,ROCK BREAKER PIN,ROCK BREAKER PIN,ROCK BREAKER PIN,Not available,0,3525,18%,4160,,,,,,,,,,,,,,
SKU00334339,VJ50,SB50,IMPORTED,ROCK BREAKER PIN,ROCK BREAKER PIN,ROCK BREAKER PIN,Not available,0,2203,18%,2600,,,,,,,,,,,,,,
SKU00216577,VJ50,SB50,IMPORTED,Rock Breaker Through Bolt,THROUGH BOLT,THROUGH BOLT,Not available,0,1297,18%,1530,,,,,,,,,,,,,,
SKU00312678,MB1500,MB1500,IMPORTED,ROCKBREAKER BISCUIT WITHOUT HOLE,Biscuit without hole,Biscuit without hole,Not available,0,1153,18%,1360,,,,,,,,,,,,,,
SKU00218726,VJ50,SB50,IMPORTED,ROCKBREAKER BUSH SET,ROCKBREAKER BUSH SET,ROCKBREAKER BUSH SET,Not available,0,4500,18%,5310,,,,,,,,,,,,,,
SKU00268233,VJ50,SB50,IMPORTED,ROCKBREAKER FRONT HEAD,ROCKBREAKER FRONT HEAD,ROCKBREAKER FRONT HEAD,Not available,0,37000,18%,43660,,,,,,,,,,,,,,
SKU00334093,VJ40,SB40,IMPORTED,ROCKBREAKER FRONT HEAD,ROCKBREAKER FRONT HEAD,ROCKBREAKER FRONT HEAD,Not available,0,24000,18%,28320,,,,,,,,,,,,,,
SKU00218728,VJ50,SB50,IMPORTED,ROCKBREAKER THROUGH BOLT,THROUGH BOLT,THROUGH BOLT,Not available,0,1500,18%,1770,,,,,,,,,,,,,,
SKU00281055,VJ43,SB43,KRIVI,ROCKBREAKER THROUGH BOLT,THROUGH BOLT,THROUGH BOLT,Not available,0,949,18%,1120,,,,,,,,,,,,,,
SKU00334078,SMM810,SMM810,IMPORTED,ROCKBREAKER THROUGH BOLT,THROUGH BOLT,THROUGH BOLT,Not available,0,2347,18%,2770,,,,,,,,,,,,,,
SKU00334804,VJ131,SB131,IMPORTED,ROCKBREAKER THROUGH BOLT SB131,THROUGH BOLT,THROUGH BOLT,Not available,0,13602,18%,16050,,,,,,,,,,,,,,
SKU00334974,VJ81,SB81,IMPORTED,SB81 BOTTOM PAD (40MM THICKNESS),SB81 BOTTOM PAD (40MM THICKNESS),SB81 BOTTOM PAD (40MM THICKNESS),Not available,0,2797,18%,3300,,,,,,,,,,,,,,
SKU00334973,VJ81,SB81,IMPORTED,SB81 SIDE PAD (22.5MM THICKNESS),SB81 SIDE PAD (22.5MM THICKNESS),SB81 SIDE PAD (22.5MM THICKNESS),Not available,0,703,18%,830,,,,,,,,,,,,,,
SKU00309059,VJ43,SB43,JTN,SIDE BOLT,SIDE BOLT,SIDE BOLT,Not available,0,1500,18%,1770,,,,,,,,,,,,,,
SKU00203990,VJ81,SB81,VAJRA,Through Bolt,THROUGH BOLT,THROUGH BOLT,Not available,0,2373,18%,2800,,,,,,,,,,,,,,
SKU00211967,MB750,MB750,IMPORTED,Through Bolt,THROUGH BOLT,THROUGH BOLT,Not available,0,2203,18%,2600,,,,,,,,,,,,,,
SKU00205047,VJ50,SB50,VAJRA,Chisel Blunt 42 CR 100*1000,VJ50 Blunt Chisel 42 CR ,SB50 Blunt Chisel 42 CR ,YL SmartCity CDC,2,8797,18%,10380,,,,,,,,,,,,,,
SKU00177204,VJ81,SB81,VAJRA,Chisel Blunt 42 CR 140*1300,VJ81 Blunt Chisel 42 CR ,SB81 Blunt Chisel 42 CR ,YL SmartCity CDC,4,21246,18%,25070,,,,,,,,,,,,,,
SKU00309055,VJ81,SB81,VAJRA-ECONOMY,Chisel Blunt 140*1300 42Cr (VAJRA-ECO),VJ81 Blunt Chisel  42Cr,SB81 Blunt Chisel  42Cr,Not available,0,16000,18%,18880,,,,,,,,,,,,,,
SKU00205042,VJ50,SB50,VAJRA,Chisel Blunt 40 CR 100*1000,VJ50 Blunt Chisel 40 CR ,SB50 Blunt Chisel 40 CR ,Not available,0,6754,18%,7970,,,,,,,,,,,,,,
SKU00204012,VJ81,SB81,VAJRA,Chisel Blunt 40 CR 140*1300,VJ81 Blunt Chisel 40 CR ,SB81 Blunt Chisel 40 CR ,Not available,0,15500,18%,18290,,,,,,,,,,,,,,
SKU00216361,VJ43,SB43,VAJRA,Chisel Blunt 42 CR 75*750,VJ43 Blunt Chisel 42 CR ,SB43 Blunt Chisel 42 CR ,Not available,0,4000,18%,4720,,,,,,,,,,,,,,
SKU00201981,VJ43,SB43,HHQ,Chisel Blunt 75*750 40 cr,VJ43 Blunt Chisel  40 cr,SB43 Blunt Chisel  40 cr,Not available,0,3000,18%,3540,,,,,,,,,,,,,,
SKU00201942,VJ81,SB81,HHQ,Chisel Blunt Dia 140x1300mm 42 Cr,VJ81 Blunt Chisel 42 Cr,SB81 Blunt Chisel 42 Cr,Not available,0,17500,18%,20650,,,,,,,,,,,,,,
SKU00205044,VJ50,SB50,VAJRA,Chisel Wedge 40 CR 100*1000,VJ50 Wedge Chisel 40 CR ,SB50 Wedge Chisel 40 CR ,Not available,0,6797,18%,8020,,,,,,,,,,,,,,
SKU00201957,VJ81,SB81,VAJRA,Chisel wedge 40 cr 140*1300,VJ81 Wedge Chisel 40 cr ,SB81 Wedge Chisel 40 cr ,Not available,0,15500,18%,18290,,,,,,,,,,,,,,
SKU00205037,VJ20,SB20,VAJRA,Chisel Wedge 40 CR 45*500,VJ20 Wedge Chisel 40 CR ,SB20 Wedge Chisel 40 CR ,Not available,0,1203,18%,1420,,,,,,,,,,,,,,
SKU00205038,VJ30,SB30,VAJRA,Chisel Wedge 40 CR 53*530,VJ30 Wedge Chisel 40 CR ,SB30 Wedge Chisel 40 CR ,Not available,0,1797,18%,2120,,,,,,,,,,,,,,
SKU00205040,VJ43,SB43,VAJRA,Chisel Wedge 40 CR 75*750,VJ43 Wedge Chisel 40 CR ,SB43 Wedge Chisel 40 CR ,Not available,0,3000,18%,3540,,,,,,,,,,,,,,
SKU00334814,VJ20,SB20,VAJRA,CHISEL WEDGE 40CR 45*500,VJ20 Wedge Chisel 40CR ,SB20 Wedge Chisel 40CR ,Not available,0,1203,18%,1420,,,,,,,,,,,,,,
SKU00334815,VJ30,SB30,VAJRA,CHISEL WEDGE 40CR 53*530,VJ30 Wedge Chisel 40CR ,SB30 Wedge Chisel 40CR ,Not available,0,1797,18%,2120,,,,,,,,,,,,,,
SKU00205045,VJ50,SB50,VAJRA,Chisel Wedge 42 CR 100*1000,VJ50 Wedge Chisel 42 CR ,SB50 Wedge Chisel 42 CR ,Not available,0,7500,18%,8850,,,,,,,,,,,,,,
SKU00205049,VJ81,SB81,VAJRA,Chisel Wedge 42 CR 140*1300,VJ81 Wedge Chisel 42 CR ,SB81 Wedge Chisel 42 CR ,Not available,0,17500,18%,20650,,,,,,,,,,,,,,
SKU00205041,VJ43,SB43,VAJRA,Chisel Wedge 42 CR 75*750,VJ43 Wedge Chisel 42 CR ,SB43 Wedge Chisel 42 CR ,Not available,0,4000,18%,4720,,,,,,,,,,,,,,
SKU00201983,VJ43,SB43,HHQ,Chisel Wedge 75*750 40 cr,VJ43 Wedge Chisel  40 cr,SB43 Wedge Chisel  40 cr,Not available,0,4000,18%,4720,,,,,,,,,,,,,,
SKU00336009,GLOBAL,GLOBAL,VJ,GOLDENGEL 5 KG,5Kg Golden grease,5Kg Golden grease,Not available,0,678,18%,800,,,,,,,,,,,,,,
SKU00336083,GLOBAL,GLOBAL,VJ,REDGEL GREASE 5KG,5Kg Red grease,5Kg Red grease,Not available,0,678,18%,800,,,,,,,,,,,,,,
,,,VJ,GOLDENGEL 18 KG,18Kg Golden grease,18Kg Golden grease,Not available,0,2373,18%,2800,,,,,,,,,,,,,,
,,,VJ,REDGEL GREASE 18KG,18Kg Red grease,18Kg Red grease,Not available,0,2373,18%,2800,,,,,,,,,,,,,,
,,,,,,,,,,,,,,,,,,,,,,,,,
,,,,,,,,,,,,,,,,,,,,,,,,,
,,,,,,,,,,,,,,,,,,,,,,,,,
,,,,,,,,,,,,,,,,,,,,,,,,,
,,,,,,,,,,,,,,,,,,,,,,,,,
,,,,,,,,,,,,,,,,,,,,,,,,,
,,,,,,,,,,,,,,,,,,,,,,,,,
,,,,,,,,,,,,,,,,,,,,,,,,,
,,,,,,,,,,,,,,,,,,,,,,,,,
,,,,,,,,,,,,,,,,,,,,,,,,,
,,,,,,,,,,,,,,,,,,,,,,,,,
,,,,,,,,,,,,,,,,,,,,,,,,,
,,,,,,,,,,,,,,,,,,,,,,,,,
,,,,,,,,,,,,,,,,,,,,,,,,,
,,,,,,,,,,,,,,,,,,,,,,,,,
,,,,,,,,,,,,,,,,,,,,,,,,,
,,,,,,,,,,,,,,,,,,,,,,,,,
,,,,,,,,,,,,,,,,,,,,,,,,,
,,,,,,,,,,,,,,,,,,,,,,,,,
,,,,,,,,,,,,,,,,,,,,,,,,,
,,,,,,,,,,,,,,,,,,,,,,,,,
,,,,,,,,,,,,,,,,,,,,,,,,,
,,,,,,,,,,,,,,,,,,,,,,,,,
,,,,,,,,,,,,,,,,,,,,,,,,,
,,,,,,,,,,,,,,,,,,,,,,,,,
,,,,,,,,,,,,,,,,,,,,,,,,,
,,,,,,,,,,,,,,,,,,,,,,,,,
,,,,,,,,,,,,,,,,,,,,,,,,,
,,,,,,,,,,,,,,,,,,,,,,,,,
,,,,,,,,,,,,,,,,,,,,,,,,,
,,,,,,,,,,,,,,,,,,,,,,,,,
,,,,,,,,,,,,,,,,,,,,,,,,,
,,,,,,,,,,,,,,,,,,,,,,,,,
,,,,,,,,,,,,,,,,,,,,,,,,,
,,,,,,,,,,,,,,,,,,,,,,,,,
,,,,,,,,,,,,,,,,,,,,,,,,,
,,,,,,,,,,,,,,,,,,,,,,,,,
,,,,,,,,,,,,,,,,,,,,,,,,,
,,,,,,,,,,,,,,,,,,,,,,,,,
,,,,,,,,,,,,,,,,,,,,,,,,,
,,,,,,,,,,,,,,,,,,,,,,,,,
,,,,,,,,,,,,,,,,,,,,,,,,,
,,,,,,,,,,,,,,,,,,,,,,,,,
,,,,,,,,,,,,,,,,,,,,,,,,,
,,,,,,,,,,,,,,,,,,,,,,,,,
,,,,,,,,,,,,,,,,,,,,,,,,,
,,,,,,,,,,,,,,,,,,,,,,,,,
,,,,,,,,,,,,,,,,,,,,,,,,,
,,,,,,,,,,,,,,,,,,,,,,,,,
,,,,,,,,,,,,,,,,,,,,,,,,,
,,,,,,,,,,,,,,,,,,,,,,,,,
,,,,,,,,,,,,,,,,,,,,,,,,,
,,,,,,,,,,,,,,,,,,,,,,,,,
,,,,,,,,,,,,,,,,,,,,,,,,,
,,,,,,,,,,,,,,,,,,,,,,,,,
,,,,,,,,,,,,,,,,,,,,,,,,,
,,,,,,,,,,,,,,,,,,,,,,,,,
,,,,,,,,,,,,,,,,,,,,,,,,,
,,,,,,,,,,,,,,,,,,,,,,,,,
,,,,,,,,,,,,,,,,,,,,,,,,,
,,,,,,,,,,,,,,,,,,,,,,,,,
,,,,,,,,,,,,,,,,,,,,,,,,,
,,,,,,,,,,,,,,,,,,,,,,,,,
,,,,,,,,,,,,,,,,,,,,,,,,,
,,,,,,,,,,,,,,,,,,,,,,,,,
,,,,,,,,,,,,,,,,,,,,,,,,,
,,,,,,,,,,,,,,,,,,,,,,,,,
,,,,,,,,,,,,,,,,,,,,,,,,,
,,,,,,,,,,,,,,,,,,,,,,,,,
,,,,,,,,,,,,,,,,,,,,,,,,,
,,,,,,,,,,,,,,,,,,,,,,,,,
,,,,,,,,,,,,,,,,,,,,,,,,,
,,,,,,,,,,,,,,,,,,,,,,,,,
,,,,,,,,,,,,,,,,,,,,,,,,,
,,,,,,,,,,,,,,,,,,,,,,,,,
,,,,,,,,,,,,,,,,,,,,,,,,,
,,,,,,,,,,,,,,,,,,,,,,,,,
,,,,,,,,,,,,,,,,,,,,,,,,,
,,,,,,,,,,,,,,,,,,,,,,,,,
,,,,,,,,,,,,,,,,,,,,,,,,,
,,,,,,,,,,,,,,,,,,,,,,,,,
,,,,,,,,,,,,,,,,,,,,,,,,,
,,,,,,,,,,,,,,,,,,,,,,,,,
,,,,,,,,,,,,,,,,,,,,,,,,,
,,,,,,,,,,,,,,,,,,,,,,,,,
,,,,,,,,,,,,,,,,,,,,,,,,,
,,,,,,,,,,,,,,,,,,,,,,,,,
,,,,,,,,,,,,,,,,,,,,,,,,,
,,,,,,,,,,,,,,,,,,,,,,,,,
,,,,,,,,,,,,,,,,,,,,,,,,,
,,,,,,,,,,,,,,,,,,,,,,,,,
,,,,,,,,,,,,,,,,,,,,,,,,,
,,,,,,,,,,,,,,,,,,,,,,,,,
,,,,,,,,,,,,,,,,,,,,,,,,,
,,,,,,,,,,,,,,,,,,,,,,,,,
,,,,,,,,,,,,,,,,,,,,,,,,,
,,,,,,,,,,,,,,,,,,,,,,,,,
,,,,,,,,,,,,,,,,,,,,,,,,,
,,,,,,,,,,,,,,,,,,,,,,,,,
,,,,,,,,,,,,,,,,,,,,,,,,,
,,,,,,,,,,,,,,,,,,,,,,,,,
,,,,,,,,,,,,,,,,,,,,,,,,,
,,,,,,,,,,,,,,,,,,,,,,,,,
,,,,,,,,,,,,,,,,,,,,,,,,,
,,,,,,,,,,,,,,,,,,,,,,,,,
,,,,,,,,,,,,,,,,,,,,,,,,,
,,,,,,,,,,,,,,,,,,,,,,,,,
,,,,,,,,,,,,,,,,,,,,,,,,,
,,,,,,,,,,,,,,,,,,,,,,,,,
,,,,,,,,,,,,,,,,,,,,,,,,,
,,,,,,,,,,,,,,,,,,,,,,,,,
,,,,,,,,,,,,,,,,,,,,,,,,,
,,,,,,,,,,,,,,,,,,,,,,,,,
,,,,,,,,,,,,,,,,,,,,,,,,,
,,,,,,,,,,,,,,,,,,,,,,,,,
,,,,,,,,,,,,,,,,,,,,,,,,,
,,,,,,,,,,,,,,,,,,,,,,,,,
,,,,,,,,,,,,,,,,,,,,,,,,,
,,,,,,,,,,,,,,,,,,,,,,,,,
,,,,,,,,,,,,,,,,,,,,,,,,,
,,,,,,,,,,,,,,,,,,,,,,,,,
,,,,,,,,,,,,,,,,,,,,,,,,,
,,,,,,,,,,,,,,,,,,,,,,,,,
,,,,,,,,,,,,,,,,,,,,,,,,,
,,,,,,,,,,,,,,,,,,,,,,,,,
,,,,,,,,,,,,,,,,,,,,,,,,,
,,,,,,,,,,,,,,,,,,,,,,,,,
,,,,,,,,,,,,,,,,,,,,,,,,,
,,,,,,,,,,,,,,,,,,,,,,,,,
,,,,,,,,,,,,,,,,,,,,,,,,,
,,,,,,,,,,,,,,,,,,,,,,,,,
,,,,,,,,,,,,,,,,,,,,,,,,,
,,,,,,,,,,,,,,,,,,,,,,,,,
,,,,,,,,,,,,,,,,,,,,,,,,,
,,,,,,,,,,,,,,,,,,,,,,,,,
,,,,,,,,,,,,,,,,,,,,,,,,,
,,,,,,,,,,,,,,,,,,,,,,,,,
,,,,,,,,,,,,,,,,,,,,,,,,,
,,,,,,,,,,,,,,,,,,,,,,,,,
,,,,,,,,,,,,,,,,,,,,,,,,,
,,,,,,,,,,,,,,,,,,,,,,,,,
,,,,,,,,,,,,,,,,,,,,,,,,,
,,,,,,,,,,,,,,,,,,,,,,,,,
,,,,,,,,,,,,,,,,,,,,,,,,,
,,,,,,,,,,,,,,,,,,,,,,,,,
,,,,,,,,,,,,,,,,,,,,,,,,,
,,,,,,,,,,,,,,,,,,,,,,,,,
,,,,,,,,,,,,,,,,,,,,,,,,,
,,,,,,,,,,,,,,,,,,,,,,,,,
,,,,,,,,,,,,,,,,,,,,,,,,,
,,,,,,,,,,,,,,,,,,,,,,,,,
,,,,,,,,,,,,,,,,,,,,,,,,,
,,,,,,,,,,,,,,,,,,,,,,,,,
,,,,,,,,,,,,,,,,,,,,,,,,,
,,,,,,,,,,,,,,,,,,,,,,,,,
,,,,,,,,,,,,,,,,,,,,,,,,,
,,,,,,,,,,,,,,,,,,,,,,,,,
,,,,,,,,,,,,,,,,,,,,,,,,,
,,,,,,,,,,,,,,,,,,,,,,,,,
,,,,,,,,,,,,,,,,,,,,,,,,,
,,,,,,,,,,,,,,,,,,,,,,,,,
,,,,,,,,,,,,,,,,,,,,,,,,,
,,,,,,,,,,,,,,,,,,,,,,,,,
,,,,,,,,,,,,,,,,,,,,,,,,,
,,,,,,,,,,,,,,,,,,,,,,,,,
,,,,,,,,,,,,,,,,,,,,,,,,,
,,,,,,,,,,,,,,,,,,,,,,,,,
,,,,,,,,,,,,,,,,,,,,,,,,,
,,,,,,,,,,,,,,,,,,,,,,,,,
,,,,,,,,,,,,,,,,,,,,,,,,,
,,,,,,,,,,,,,,,,,,,,,,,,,
,,,,,,,,,,,,,,,,,,,,,,,,,
,,,,,,,,,,,,,,,,,,,,,,,,,
,,,,,,,,,,,,,,,,,,,,,,,,,
,,,,,,,,,,,,,,,,,,,,,,,,,
,,,,,,,,,,,,,,,,,,,,,,,,,
,,,,,,,,,,,,,,,,,,,,,,,,,
,,,,,,,,,,,,,,,,,,,,,,,,,
,,,,,,,,,,,,,,,,,,,,,,,,,
,,,,,,,,,,,,,,,,,,,,,,,,,
,,,,,,,,,,,,,,,,,,,,,,,,,
,,,,,,,,,,,,,,,,,,,,,,,,,
,,,,,,,,,,,,,,,,,,,,,,,,,
,,,,,,,,,,,,,,,,,,,,,,,,,
,,,,,,,,,,,,,,,,,,,,,,,,,
,,,,,,,,,,,,,,,,,,,,,,,,,
,,,,,,,,,,,,,,,,,,,,,,,,,
,,,,,,,,,,,,,,,,,,,,,,,,,
,,,,,,,,,,,,,,,,,,,,,,,,,
,,,,,,,,,,,,,,,,,,,,,,,,,
,,,,,,,,,,,,,,,,,,,,,,,,,
,,,,,,,,,,,,,,,,,,,,,,,,,
,,,,,,,,,,,,,,,,,,,,,,,,,
,,,,,,,,,,,,,,,,,,,,,,,,,
,,,,,,,,,,,,,,,,,,,,,,,,,
,,,,,,,,,,,,,,,,,,,,,,,,,
,,,,,,,,,,,,,,,,,,,,,,,,,
,,,,,,,,,,,,,,,,,,,,,,,,,
,,,,,,,,,,,,,,,,,,,,,,,,,
,,,,,,,,,,,,,,,,,,,,,,,,,
,,,,,,,,,,,,,,,,,,,,,,,,,
,,,,,,,,,,,,,,,,,,,,,,,,,
,,,,,,,,,,,,,,,,,,,,,,,,,
,,,,,,,,,,,,,,,,,,,,,,,,,
,,,,,,,,,,,,,,,,,,,,,,,,,
,,,,,,,,,,,,,,,,,,,,,,,,,
,,,,,,,,,,,,,,,,,,,,,,,,,
,,,,,,,,,,,,,,,,,,,,,,,,,
,,,,,,,,,,,,,,,,,,,,,,,,,
,,,,,,,,,,,,,,,,,,,,,,,,,
,,,,,,,,,,,,,,,,,,,,,,,,,
,,,,,,,,,,,,,,,,,,,,,,,,,
,,,,,,,,,,,,,,,,,,,,,,,,,
,,,,,,,,,,,,,,,,,,,,,,,,,
,,,,,,,,,,,,,,,,,,,,,,,,,
,,,,,,,,,,,,,,,,,,,,,,,,,
,,,,,,,,,,,,,,,,,,,,,,,,,
,,,,,,,,,,,,,,,,,,,,,,,,,
,,,,,,,,,,,,,,,,,,,,,,,,,
,,,,,,,,,,,,,,,,,,,,,,,,,
,,,,,,,,,,,,,,,,,,,,,,,,,
,,,,,,,,,,,,,,,,,,,,,,,,,
,,,,,,,,,,,,,,,,,,,,,,,,,
,,,,,,,,,,,,,,,,,,,,,,,,,
,,,,,,,,,,,,,,,,,,,,,,,,,
,,,,,,,,,,,,,,,,,,,,,,,,,
,,,,,,,,,,,,,,,,,,,,,,,,,
,,,,,,,,,,,,,,,,,,,,,,,,,
,,,,,,,,,,,,,,,,,,,,,,,,,
,,,,,,,,,,,,,,,,,,,,,,,,,
,,,,,,,,,,,,,,,,,,,,,,,,,
,,,,,,,,,,,,,,,,,,,,,,,,,
,,,,,,,,,,,,,,,,,,,,,,,,,
,,,,,,,,,,,,,,,,,,,,,,,,,
,,,,,,,,,,,,,,,,,,,,,,,,,
,,,,,,,,,,,,,,,,,,,,,,,,,
,,,,,,,,,,,,,,,,,,,,,,,,,
,,,,,,,,,,,,,,,,,,,,,,,,,
,,,,,,,,,,,,,,,,,,,,,,,,,
,,,,,,,,,,,,,,,,,,,,,,,,,
,,,,,,,,,,,,,,,,,,,,,,,,,
,,,,,,,,,,,,,,,,,,,,,,,,,
,,,,,,,,,,,,,,,,,,,,,,,,,
,,,,,,,,,,,,,,,,,,,,,,,,,
,,,,,,,,,,,,,,,,,,,,,,,,,
,,,,,,,,,,,,,,,,,,,,,,,,,
,,,,,,,,,,,,,,,,,,,,,,,,,
,,,,,,,,,,,,,,,,,,,,,,,,,
,,,,,,,,,,,,,,,,,,,,,,,,,
,,,,,,,,,,,,,,,,,,,,,,,,,
,,,,,,,,,,,,,,,,,,,,,,,,,
,,,,,,,,,,,,,,,,,,,,,,,,,
,,,,,,,,,,,,,,,,,,,,,,,,,
,,,,,,,,,,,,,,,,,,,,,,,,,
,,,,,,,,,,,,,,,,,,,,,,,,,
,,,,,,,,,,,,,,,,,,,,,,,,,
,,,,,,,,,,,,,,,,,,,,,,,,,
,,,,,,,,,,,,,,,,,,,,,,,,,
,,,,,,,,,,,,,,,,,,,,,,,,,
,,,,,,,,,,,,,,,,,,,,,,,,,
,,,,,,,,,,,,,,,,,,,,,,,,,
,,,,,,,,,,,,,,,,,,,,,,,,,
,,,,,,,,,,,,,,,,,,,,,,,,,
,,,,,,,,,,,,,,,,,,,,,,,,,
,,,,,,,,,,,,,,,,,,,,,,,,,
,,,,,,,,,,,,,,,,,,,,,,,,,
,,,,,,,,,,,,,,,,,,,,,,,,,
,,,,,,,,,,,,,,,,,,,,,,,,,
,,,,,,,,,,,,,,,,,,,,,,,,,
,,,,,,,,,,,,,,,,,,,,,,,,,
,,,,,,,,,,,,,,,,,,,,,,,,,
,,,,,,,,,,,,,,,,,,,,,,,,,
,,,,,,,,,,,,,,,,,,,,,,,,,
,,,,,,,,,,,,,,,,,,,,,,,,,
,,,,,,,,,,,,,,,,,,,,,,,,,
,,,,,,,,,,,,,,,,,,,,,,,,,
,,,,,,,,,,,,,,,,,,,,,,,,,
,,,,,,,,,,,,,,,,,,,,,,,,,
,,,,,,,,,,,,,,,,,,,,,,,,,
,,,,,,,,,,,,,,,,,,,,,,,,,
,,,,,,,,,,,,,,,,,,,,,,,,,
,,,,,,,,,,,,,,,,,,,,,,,,,
,,,,,,,,,,,,,,,,,,,,,,,,,
,,,,,,,,,,,,,,,,,,,,,,,,,
,,,,,,,,,,,,,,,,,,,,,,,,,
,,,,,,,,,,,,,,,,,,,,,,,,,
,,,,,,,,,,,,,,,,,,,,,,,,,
,,,,,,,,,,,,,,,,,,,,,,,,,
,,,,,,,,,,,,,,,,,,,,,,,,,
,,,,,,,,,,,,,,,,,,,,,,,,,
,,,,,,,,,,,,,,,,,,,,,,,,,
,,,,,,,,,,,,,,,,,,,,,,,,,
,,,,,,,,,,,,,,,,,,,,,,,,,
,,,,,,,,,,,,,,,,,,,,,,,,,
,,,,,,,,,,,,,,,,,,,,,,,,,
,,,,,,,,,,,,,,,,,,,,,,,,,
,,,,,,,,,,,,,,,,,,,,,,,,,
,,,,,,,,,,,,,,,,,,,,,,,,,
,,,,,,,,,,,,,,,,,,,,,,,,,
,,,,,,,,,,,,,,,,,,,,,,,,,
,,,,,,,,,,,,,,,,,,,,,,,,,
,,,,,,,,,,,,,,,,,,,,,,,,,
,,,,,,,,,,,,,,,,,,,,,,,,,
,,,,,,,,,,,,,,,,,,,,,,,,,
,,,,,,,,,,,,,,,,,,,,,,,,,
,,,,,,,,,,,,,,,,,,,,,,,,,
,,,,,,,,,,,,,,,,,,,,,,,,,
,,,,,,,,,,,,,,,,,,,,,,,,,
,,,,,,,,,,,,,,,,,,,,,,,,,
,,,,,,,,,,,,,,,,,,,,,,,,,
,,,,,,,,,,,,,,,,,,,,,,,,,
,,,,,,,,,,,,,,,,,,,,,,,,,
,,,,,,,,,,,,,,,,,,,,,,,,,
,,,,,,,,,,,,,,,,,,,,,,,,,
,,,,,,,,,,,,,,,,,,,,,,,,,
,,,,,,,,,,,,,,,,,,,,,,,,,
,,,,,,,,,,,,,,,,,,,,,,,,,
,,,,,,,,,,,,,,,,,,,,,,,,,
,,,,,,,,,,,,,,,,,,,,,,,,,
,,,,,,,,,,,,,,,,,,,,,,,,,
,,,,,,,,,,,,,,,,,,,,,,,,,
,,,,,,,,,,,,,,,,,,,,,,,,,
,,,,,,,,,,,,,,,,,,,,,,,,,
,,,,,,,,,,,,,,,,,,,,,,,,,
,,,,,,,,,,,,,,,,,,,,,,,,,
,,,,,,,,,,,,,,,,,,,,,,,,,
,,,,,,,,,,,,,,,,,,,,,,,,,
,,,,,,,,,,,,,,,,,,,,,,,,,
,,,,,,,,,,,,,,,,,,,,,,,,,
,,,,,,,,,,,,,,,,,,,,,,,,,
,,,,,,,,,,,,,,,,,,,,,,,,,
,,,,,,,,,,,,,,,,,,,,,,,,,
,,,,,,,,,,,,,,,,,,,,,,,,,
,,,,,,,,,,,,,,,,,,,,,,,,,
,,,,,,,,,,,,,,,,,,,,,,,,,
,,,,,,,,,,,,,,,,,,,,,,,,,
,,,,,,,,,,,,,,,,,,,,,,,,,
,,,,,,,,,,,,,,,,,,,,,,,,,
,,,,,,,,,,,,,,,,,,,,,,,,,
,,,,,,,,,,,,,,,,,,,,,,,,,
,,,,,,,,,,,,,,,,,,,,,,,,,
,,,,,,,,,,,,,,,,,,,,,,,,,
,,,,,,,,,,,,,,,,,,,,,,,,,
,,,,,,,,,,,,,,,,,,,,,,,,,
,,,,,,,,,,,,,,,,,,,,,,,,,
,,,,,,,,,,,,,,,,,,,,,,,,,
,,,,,,,,,,,,,,,,,,,,,,,,,
,,,,,,,,,,,,,,,,,,,,,,,,,
,,,,,,,,,,,,,,,,,,,,,,,,,
,,,,,,,,,,,,,,,,,,,,,,,,,
,,,,,,,,,,,,,,,,,,,,,,,,,
,,,,,,,,,,,,,,,,,,,,,,,,,
,,,,,,,,,,,,,,,,,,,,,,,,,
,,,,,,,,,,,,,,,,,,,,,,,,,
,,,,,,,,,,,,,,,,,,,,,,,,,
,,,,,,,,,,,,,,,,,,,,,,,,,
,,,,,,,,,,,,,,,,,,,,,,,,,
,,,,,,,,,,,,,,,,,,,,,,,,,
,,,,,,,,,,,,,,,,,,,,,,,,,
,,,,,,,,,,,,,,,,,,,,,,,,,
,,,,,,,,,,,,,,,,,,,,,,,,,
,,,,,,,,,,,,,,,,,,,,,,,,,
,,,,,,,,,,,,,,,,,,,,,,,,,
,,,,,,,,,,,,,,,,,,,,,,,,,
,,,,,,,,,,,,,,,,,,,,,,,,,
,,,,,,,,,,,,,,,,,,,,,,,,,
,,,,,,,,,,,,,,,,,,,,,,,,,
,,,,,,,,,,,,,,,,,,,,,,,,,
,,,,,,,,,,,,,,,,,,,,,,,,,
,,,,,,,,,,,,,,,,,,,,,,,,,
,,,,,,,,,,,,,,,,,,,,,,,,,
,,,,,,,,,,,,,,,,,,,,,,,,,
,,,,,,,,,,,,,,,,,,,,,,,,,
,,,,,,,,,,,,,,,,,,,,,,,,,
,,,,,,,,,,,,,,,,,,,,,,,,,
,,,,,,,,,,,,,,,,,,,,,,,,,
,,,,,,,,,,,,,,,,,,,,,,,,,
,,,,,,,,,,,,,,,,,,,,,,,,,
,,,,,,,,,,,,,,,,,,,,,,,,,
,,,,,,,,,,,,,,,,,,,,,,,,,
,,,,,,,,,,,,,,,,,,,,,,,,,
,,,,,,,,,,,,,,,,,,,,,,,,,
,,,,,,,,,,,,,,,,,,,,,,,,,
,,,,,,,,,,,,,,,,,,,,,,,,,
,,,,,,,,,,,,,,,,,,,,,,,,,
,,,,,,,,,,,,,,,,,,,,,,,,,
,,,,,,,,,,,,,,,,,,,,,,,,,
,,,,,,,,,,,,,,,,,,,,,,,,,
,,,,,,,,,,,,,,,,,,,,,,,,,
,,,,,,,,,,,,,,,,,,,,,,,,,
,,,,,,,,,,,,,,,,,,,,,,,,,
,,,,,,,,,,,,,,,,,,,,,,,,,
,,,,,,,,,,,,,,,,,,,,,,,,,
,,,,,,,,,,,,,,,,,,,,,,,,,
,,,,,,,,,,,,,,,,,,,,,,,,,
,,,,,,,,,,,,,,,,,,,,,,,,,
,,,,,,,,,,,,,,,,,,,,,,,,,
,,,,,,,,,,,,,,,,,,,,,,,,,
,,,,,,,,,,,,,,,,,,,,,,,,,
,,,,,,,,,,,,,,,,,,,,,,,,,
,,,,,,,,,,,,,,,,,,,,,,,,,
,,,,,,,,,,,,,,,,,,,,,,,,,
,,,,,,,,,,,,,,,,,,,,,,,,,
,,,,,,,,,,,,,,,,,,,,,,,,,
,,,,,,,,,,,,,,,,,,,,,,,,,
,,,,,,,,,,,,,,,,,,,,,,,,,
,,,,,,,,,,,,,,,,,,,,,,,,,
,,,,,,,,,,,,,,,,,,,,,,,,,
,,,,,,,,,,,,,,,,,,,,,,,,,
,,,,,,,,,,,,,,,,,,,,,,,,,
,,,,,,,,,,,,,,,,,,,,,,,,,
,,,,,,,,,,,,,,,,,,,,,,,,,
,,,,,,,,,,,,,,,,,,,,,,,,,
,,,,,,,,,,,,,,,,,,,,,,,,,
,,,,,,,,,,,,,,,,,,,,,,,,,
,,,,,,,,,,,,,,,,,,,,,,,,,
,,,,,,,,,,,,,,,,,,,,,,,,,
,,,,,,,,,,,,,,,,,,,,,,,,,
,,,,,,,,,,,,,,,,,,,,,,,,,
,,,,,,,,,,,,,,,,,,,,,,,,,
,,,,,,,,,,,,,,,,,,,,,,,,,
,,,,,,,,,,,,,,,,,,,,,,,,,
,,,,,,,,,,,,,,,,,,,,,,,,,
,,,,,,,,,,,,,,,,,,,,,,,,,
,,,,,,,,,,,,,,,,,,,,,,,,,
,,,,,,,,,,,,,,,,,,,,,,,,,
,,,,,,,,,,,,,,,,,,,,,,,,,
,,,,,,,,,,,,,,,,,,,,,,,,,
,,,,,,,,,,,,,,,,,,,,,,,,,
,,,,,,,,,,,,,,,,,,,,,,,,,
,,,,,,,,,,,,,,,,,,,,,,,,,
,,,,,,,,,,,,,,,,,,,,,,,,,
,,,,,,,,,,,,,,,,,,,,,,,,,
,,,,,,,,,,,,,,,,,,,,,,,,,
,,,,,,,,,,,,,,,,,,,,,,,,,
,,,,,,,,,,,,,,,,,,,,,,,,,
,,,,,,,,,,,,,,,,,,,,,,,,,
,,,,,,,,,,,,,,,,,,,,,,,,,
,,,,,,,,,,,,,,,,,,,,,,,,,
,,,,,,,,,,,,,,,,,,,,,,,,,
,,,,,,,,,,,,,,,,,,,,,,,,,
,,,,,,,,,,,,,,,,,,,,,,,,,
,,,,,,,,,,,,,,,,,,,,,,,,,
,,,,,,,,,,,,,,,,,,,,,,,,,
,,,,,,,,,,,,,,,,,,,,,,,,,
,,,,,,,,,,,,,,,,,,,,,,,,,
,,,,,,,,,,,,,,,,,,,,,,,,,
,,,,,,,,,,,,,,,,,,,,,,,,,
,,,,,,,,,,,,,,,,,,,,,,,,,
,,,,,,,,,,,,,,,,,,,,,,,,,
,,,,,,,,,,,,,,,,,,,,,,,,,
,,,,,,,,,,,,,,,,,,,,,,,,,
,,,,,,,,,,,,,,,,,,,,,,,,,
,,,,,,,,,,,,,,,,,,,,,,,,,
,,,,,,,,,,,,,,,,,,,,,,,,,
,,,,,,,,,,,,,,,,,,,,,,,,,
,,,,,,,,,,,,,,,,,,,,,,,,,
,,,,,,,,,,,,,,,,,,,,,,,,,
,,,,,,,,,,,,,,,,,,,,,,,,,
,,,,,,,,,,,,,,,,,,,,,,,,,
,,,,,,,,,,,,,,,,,,,,,,,,,
,,,,,,,,,,,,,,,,,,,,,,,,,
,,,,,,,,,,,,,,,,,,,,,,,,,
,,,,,,,,,,,,,,,,,,,,,,,,,
,,,,,,,,,,,,,,,,,,,,,,,,,
,,,,,,,,,,,,,,,,,,,,,,,,,
,,,,,,,,,,,,,,,,,,,,,,,,,
,,,,,,,,,,,,,,,,,,,,,,,,,
,,,,,,,,,,,,,,,,,,,,,,,,,
,,,,,,,,,,,,,,,,,,,,,,,,,
,,,,,,,,,,,,,,,,,,,,,,,,,
,,,,,,,,,,,,,,,,,,,,,,,,,
,,,,,,,,,,,,,,,,,,,,,,,,,
,,,,,,,,,,,,,,,,,,,,,,,,,
,,,,,,,,,,,,,,,,,,,,,,,,,
,,,,,,,,,,,,,,,,,,,,,,,,,
,,,,,,,,,,,,,,,,,,,,,,,,,
,,,,,,,,,,,,,,,,,,,,,,,,,
,,,,,,,,,,,,,,,,,,,,,,,,,
,,,,,,,,,,,,,,,,,,,,,,,,,
,,,,,,,,,,,,,,,,,,,,,,,,,
,,,,,,,,,,,,,,,,,,,,,,,,,
,,,,,,,,,,,,,,,,,,,,,,,,,
,,,,,,,,,,,,,,,,,,,,,,,,,
,,,,,,,,,,,,,,,,,,,,,,,,,
,,,,,,,,,,,,,,,,,,,,,,,,,
,,,,,,,,,,,,,,,,,,,,,,,,,
,,,,,,,,,,,,,,,,,,,,,,,,,
,,,,,,,,,,,,,,,,,,,,,,,,,
,,,,,,,,,,,,,,,,,,,,,,,,,
,,,,,,,,,,,,,,,,,,,,,,,,,
,,,,,,,,,,,,,,,,,,,,,,,,,
,,,,,,,,,,,,,,,,,,,,,,,,,
,,,,,,,,,,,,,,,,,,,,,,,,,
,,,,,,,,,,,,,,,,,,,,,,,,,
,,,,,,,,,,,,,,,,,,,,,,,,,
,,,,,,,,,,,,,,,,,,,,,,,,,
,,,,,,,,,,,,,,,,,,,,,,,,,
,,,,,,,,,,,,,,,,,,,,,,,,,
,,,,,,,,,,,,,,,,,,,,,,,,,
,,,,,,,,,,,,,,,,,,,,,,,,,
,,,,,,,,,,,,,,,,,,,,,,,,,
,,,,,,,,,,,,,,,,,,,,,,,,,
,,,,,,,,,,,,,,,,,,,,,,,,,
,,,,,,,,,,,,,,,,,,,,,,,,,
,,,,,,,,,,,,,,,,,,,,,,,,,
,,,,,,,,,,,,,,,,,,,,,,,,,
,,,,,,,,,,,,,,,,,,,,,,,,,
,,,,,,,,,,,,,,,,,,,,,,,,,
,,,,,,,,,,,,,,,,,,,,,,,,,
,,,,,,,,,,,,,,,,,,,,,,,,,
,,,,,,,,,,,,,,,,,,,,,,,,,
,,,,,,,,,,,,,,,,,,,,,,,,,
,,,,,,,,,,,,,,,,,,,,,,,,,
,,,,,,,,,,,,,,,,,,,,,,,,,
,,,,,,,,,,,,,,,,,,,,,,,,,
,,,,,,,,,,,,,,,,,,,,,,,,,
,,,,,,,,,,,,,,,,,,,,,,,,,
,,,,,,,,,,,,,,,,,,,,,,,,,
,,,,,,,,,,,,,,,,,,,,,,,,,
,,,,,,,,,,,,,,,,,,,,,,,,,
,,,,,,,,,,,,,,,,,,,,,,,,,
,,,,,,,,,,,,,,,,,,,,,,,,,
,,,,,,,,,,,,,,,,,,,,,,,,,
,,,,,,,,,,,,,,,,,,,,,,,,,
,,,,,,,,,,,,,,,,,,,,,,,,,
,,,,,,,,,,,,,,,,,,,,,,,,,
,,,,,,,,,,,,,,,,,,,,,,,,,
,,,,,,,,,,,,,,,,,,,,,,,,,
,,,,,,,,,,,,,,,,,,,,,,,,,
,,,,,,,,,,,,,,,,,,,,,,,,,
,,,,,,,,,,,,,,,,,,,,,,,,,
,,,,,,,,,,,,,,,,,,,,,,,,,
,,,,,,,,,,,,,,,,,,,,,,,,,
,,,,,,,,,,,,,,,,,,,,,,,,,
,,,,,,,,,,,,,,,,,,,,,,,,,
,,,,,,,,,,,,,,,,,,,,,,,,,
,,,,,,,,,,,,,,,,,,,,,,,,,
,,,,,,,,,,,,,,,,,,,,,,,,,
,,,,,,,,,,,,,,,,,,,,,,,,,
,,,,,,,,,,,,,,,,,,,,,,,,,
,,,,,,,,,,,,,,,,,,,,,,,,,
,,,,,,,,,,,,,,,,,,,,,,,,,
,,,,,,,,,,,,,,,,,,,,,,,,,
,,,,,,,,,,,,,,,,,,,,,,,,,
,,,,,,,,,,,,,,,,,,,,,,,,,
,,,,,,,,,,,,,,,,,,,,,,,,,
,,,,,,,,,,,,,,,,,,,,,,,,,
,,,,,,,,,,,,,,,,,,,,,,,,,
,,,,,,,,,,,,,,,,,,,,,,,,,
,,,,,,,,,,,,,,,,,,,,,,,,,
,,,,,,,,,,,,,,,,,,,,,,,,,
,,,,,,,,,,,,,,,,,,,,,,,,,
,,,,,,,,,,,,,,,,,,,,,,,,,
,,,,,,,,,,,,,,,,,,,,,,,,,
,,,,,,,,,,,,,,,,,,,,,,,,,
,,,,,,,,,,,,,,,,,,,,,,,,,
,,,,,,,,,,,,,,,,,,,,,,,,,
,,,,,,,,,,,,,,,,,,,,,,,,,
,,,,,,,,,,,,,,,,,,,,,,,,,
,,,,,,,,,,,,,,,,,,,,,,,,,
,,,,,,,,,,,,,,,,,,,,,,,,,
,,,,,,,,,,,,,,,,,,,,,,,,,
,,,,,,,,,,,,,,,,,,,,,,,,,
,,,,,,,,,,,,,,,,,,,,,,,,,
,,,,,,,,,,,,,,,,,,,,,,,,,
,,,,,,,,,,,,,,,,,,,,,,,,,
,,,,,,,,,,,,,,,,,,,,,,,,,
,,,,,,,,,,,,,,,,,,,,,,,,,
,,,,,,,,,,,,,,,,,,,,,,,,,
,,,,,,,,,,,,,,,,,,,,,,,,,
,,,,,,,,,,,,,,,,,,,,,,,,,
,,,,,,,,,,,,,,,,,,,,,,,,,
,,,,,,,,,,,,,,,,,,,,,,,,,
,,,,,,,,,,,,,,,,,,,,,,,,,
,,,,,,,,,,,,,,,,,,,,,,,,,
,,,,,,,,,,,,,,,,,,,,,,,,,
,,,,,,,,,,,,,,,,,,,,,,,,,
,,,,,,,,,,,,,,,,,,,,,,,,,
,,,,,,,,,,,,,,,,,,,,,,,,,
,,,,,,,,,,,,,,,,,,,,,,,,,
,,,,,,,,,,,,,,,,,,,,,,,,,
,,,,,,,,,,,,,,,,,,,,,,,,,
,,,,,,,,,,,,,,,,,,,,,,,,,
,,,,,,,,,,,,,,,,,,,,,,,,,
,,,,,,,,,,,,,,,,,,,,,,,,,
,,,,,,,,,,,,,,,,,,,,,,,,,
,,,,,,,,,,,,,,,,,,,,,,,,,
,,,,,,,,,,,,,,,,,,,,,,,,,
,,,,,,,,,,,,,,,,,,,,,,,,,
,,,,,,,,,,,,,,,,,,,,,,,,,
,,,,,,,,,,,,,,,,,,,,,,,,,
,,,,,,,,,,,,,,,,,,,,,,,,,
,,,,,,,,,,,,,,,,,,,,,,,,,
,,,,,,,,,,,,,,,,,,,,,,,,,
,,,,,,,,,,,,,,,,,,,,,,,,,
,,,,,,,,,,,,,,,,,,,,,,,,,
,,,,,,,,,,,,,,,,,,,,,,,,,
,,,,,,,,,,,,,,,,,,,,,,,,,
,,,,,,,,,,,,,,,,,,,,,,,,,
,,,,,,,,,,,,,,,,,,,,,,,,,
,,,,,,,,,,,,,,,,,,,,,,,,,
,,,,,,,,,,,,,,,,,,,,,,,,,
,,,,,,,,,,,,,,,,,,,,,,,,,
,,,,,,,,,,,,,,,,,,,,,,,,,
,,,,,,,,,,,,,,,,,,,,,,,,,
,,,,,,,,,,,,,,,,,,,,,,,,,
,,,,,,,,,,,,,,,,,,,,,,,,,
,,,,,,,,,,,,,,,,,,,,,,,,,
,,,,,,,,,,,,,,,,,,,,,,,,,
,,,,,,,,,,,,,,,,,,,,,,,,,
,,,,,,,,,,,,,,,,,,,,,,,,,
,,,,,,,,,,,,,,,,,,,,,,,,,
,,,,,,,,,,,,,,,,,,,,,,,,,
,,,,,,,,,,,,,,,,,,,,,,,,,
,,,,,,,,,,,,,,,,,,,,,,,,,
,,,,,,,,,,,,,,,,,,,,,,,,,
,,,,,,,,,,,,,,,,,,,,,,,,,
,,,,,,,,,,,,,,,,,,,,,,,,,
,,,,,,,,,,,,,,,,,,,,,,,,,
,,,,,,,,,,,,,,,,,,,,,,,,,
,,,,,,,,,,,,,,,,,,,,,,,,,
,,,,,,,,,,,,,,,,,,,,,,,,,
,,,,,,,,,,,,,,,,,,,,,,,,,
,,,,,,,,,,,,,,,,,,,,,,,,,
,,,,,,,,,,,,,,,,,,,,,,,,,
,,,,,,,,,,,,,,,,,,,,,,,,,
,,,,,,,,,,,,,,,,,,,,,,,,,
,,,,,,,,,,,,,,,,,,,,,,,,,
,,,,,,,,,,,,,,,,,,,,,,,,,
,,,,,,,,,,,,,,,,,,,,,,,,,
,,,,,,,,,,,,,,,,,,,,,,,,,
,,,,,,,,,,,,,,,,,,,,,,,,,
,,,,,,,,,,,,,,,,,,,,,,,,,
,,,,,,,,,,,,,,,,,,,,,,,,,
,,,,,,,,,,,,,,,,,,,,,,,,,
,,,,,,,,,,,,,,,,,,,,,,,,,
,,,,,,,,,,,,,,,,,,,,,,,,,
,,,,,,,,,,,,,,,,,,,,,,,,,
,,,,,,,,,,,,,,,,,,,,,,,,,
,,,,,,,,,,,,,,,,,,,,,,,,,
,,,,,,,,,,,,,,,,,,,,,,,,,
,,,,,,,,,,,,,,,,,,,,,,,,,
,,,,,,,,,,,,,,,,,,,,,,,,,
,,,,,,,,,,,,,,,,,,,,,,,,,
,,,,,,,,,,,,,,,,,,,,,,,,,
,,,,,,,,,,,,,,,,,,,,,,,,,
,,,,,,,,,,,,,,,,,,,,,,,,,
,,,,,,,,,,,,,,,,,,,,,,,,,
,,,,,,,,,,,,,,,,,,,,,,,,,
,,,,,,,,,,,,,,,,,,,,,,,,,
,,,,,,,,,,,,,,,,,,,,,,,,,
,,,,,,,,,,,,,,,,,,,,,,,,,
,,,,,,,,,,,,,,,,,,,,,,,,,
,,,,,,,,,,,,,,,,,,,,,,,,,
,,,,,,,,,,,,,,,,,,,,,,,,,
,,,,,,,,,,,,,,,,,,,,,,,,,
,,,,,,,,,,,,,,,,,,,,,,,,,
,,,,,,,,,,,,,,,,,,,,,,,,,
,,,,,,,,,,,,,,,,,,,,,,,,,
,,,,,,,,,,,,,,,,,,,,,,,,,
,,,,,,,,,,,,,,,,,,,,,,,,,
,,,,,,,,,,,,,,,,,,,,,,,,,
,,,,,,,,,,,,,,,,,,,,,,,,,
,,,,,,,,,,,,,,,,,,,,,,,,,
,,,,,,,,,,,,,,,,,,,,,,,,,
,,,,,,,,,,,,,,,,,,,,,,,,,
,,,,,,,,,,,,,,,,,,,,,,,,,
,,,,,,,,,,,,,,,,,,,,,,,,,
,,,,,,,,,,,,,,,,,,,,,,,,,
,,,,,,,,,,,,,,,,,,,,,,,,,
,,,,,,,,,,,,,,,,,,,,,,,,,
,,,,,,,,,,,,,,,,,,,,,,,,,
,,,,,,,,,,,,,,,,,,,,,,,,,
,,,,,,,,,,,,,,,,,,,,,,,,,
,,,,,,,,,,,,,,,,,,,,,,,,,
,,,,,,,,,,,,,,,,,,,,,,,,,
,,,,,,,,,,,,,,,,,,,,,,,,,
,,,,,,,,,,,,,,,,,,,,,,,,,
,,,,,,,,,,,,,,,,,,,,,,,,,
,,,,,,,,,,,,,,,,,,,,,,,,,
,,,,,,,,,,,,,,,,,,,,,,,,,
,,,,,,,,,,,,,,,,,,,,,,,,,
,,,,,,,,,,,,,,,,,,,,,,,,,
,,,,,,,,,,,,,,,,,,,,,,,,,
,,,,,,,,,,,,,,,,,,,,,,,,,
,,,,,,,,,,,,,,,,,,,,,,,,,
,,,,,,,,,,,,,,,,,,,,,,,,,
,,,,,,,,,,,,,,,,,,,,,,,,,
,,,,,,,,,,,,,,,,,,,,,,,,,
,,,,,,,,,,,,,,,,,,,,,,,,,
,,,,,,,,,,,,,,,,,,,,,,,,,
,,,,,,,,,,,,,,,,,,,,,,,,,
,,,,,,,,,,,,,,,,,,,,,,,,,
,,,,,,,,,,,,,,,,,,,,,,,,,
,,,,,,,,,,,,,,,,,,,,,,,,,
,,,,,,,,,,,,,,,,,,,,,,,,,
,,,,,,,,,,,,,,,,,,,,,,,,,
,,,,,,,,,,,,,,,,,,,,,,,,,
,,,,,,,,,,,,,,,,,,,,,,,,,
,,,,,,,,,,,,,,,,,,,,,,,,,
,,,,,,,,,,,,,,,,,,,,,,,,,
,,,,,,,,,,,,,,,,,,,,,,,,,
,,,,,,,,,,,,,,,,,,,,,,,,,
,,,,,,,,,,,,,,,,,,,,,,,,,
,,,,,,,,,,,,,,,,,,,,,,,,,
,,,,,,,,,,,,,,,,,,,,,,,,,
,,,,,,,,,,,,,,,,,,,,,,,,,
,,,,,,,,,,,,,,,,,,,,,,,,,
,,,,,,,,,,,,,,,,,,,,,,,,,
,,,,,,,,,,,,,,,,,,,,,,,,,
,,,,,,,,,,,,,,,,,,,,,,,,,
,,,,,,,,,,,,,,,,,,,,,,,,,
,,,,,,,,,,,,,,,,,,,,,,,,,
,,,,,,,,,,,,,,,,,,,,,,,,,
,,,,,,,,,,,,,,,,,,,,,,,,,
,,,,,,,,,,,,,,,,,,,,,,,,,
,,,,,,,,,,,,,,,,,,,,,,,,,
,,,,,,,,,,,,,,,,,,,,,,,,,
,,,,,,,,,,,,,,,,,,,,,,,,,
,,,,,,,,,,,,,,,,,,,,,,,,,
,,,,,,,,,,,,,,,,,,,,,,,,,
,,,,,,,,,,,,,,,,,,,,,,,,,
,,,,,,,,,,,,,,,,,,,,,,,,,
,,,,,,,,,,,,,,,,,,,,,,,,,
,,,,,,,,,,,,,,,,,,,,,,,,,
,,,,,,,,,,,,,,,,,,,,,,,,,
,,,,,,,,,,,,,,,,,,,,,,,,,
,,,,,,,,,,,,,,,,,,,,,,,,,
,,,,,,,,,,,,,,,,,,,,,,,,,
,,,,,,,,,,,,,,,,,,,,,,,,,
,,,,,,,,,,,,,,,,,,,,,,,,,
,,,,,,,,,,,,,,,,,,,,,,,,,
,,,,,,,,,,,,,,,,,,,,,,,,,
,,,,,,,,,,,,,,,,,,,,,,,,,
,,,,,,,,,,,,,,,,,,,,,,,,,
,,,,,,,,,,,,,,,,,,,,,,,,,
,,,,,,,,,,,,,,,,,,,,,,,,,
,,,,,,,,,,,,,,,,,,,,,,,,,
,,,,,,,,,,,,,,,,,,,,,,,,,
,,,,,,,,,,,,,,,,,,,,,,,,,
,,,,,,,,,,,,,,,,,,,,,,,,,
,,,,,,,,,,,,,,,,,,,,,,,,,
,,,,,,,,,,,,,,,,,,,,,,,,,
,,,,,,,,,,,,,,,,,,,,,,,,,
,,,,,,,,,,,,,,,,,,,,,,,,,
,,,,,,,,,,,,,,,,,,,,,,,,,
,,,,,,,,,,,,,,,,,,,,,,,,,
,,,,,,,,,,,,,,,,,,,,,,,,,
,,,,,,,,,,,,,,,,,,,,,,,,,
,,,,,,,,,,,,,,,,,,,,,,,,,
,,,,,,,,,,,,,,,,,,,,,,,,,
,,,,,,,,,,,,,,,,,,,,,,,,,
,,,,,,,,,,,,,,,,,,,,,,,,,
,,,,,,,,,,,,,,,,,,,,,,,,,
,,,,,,,,,,,,,,,,,,,,,,,,,
,,,,,,,,,,,,,,,,,,,,,,,,,
,,,,,,,,,,,,,,,,,,,,,,,,,
,,,,,,,,,,,,,,,,,,,,,,,,,
,,,,,,,,,,,,,,,,,,,,,,,,,
,,,,,,,,,,,,,,,,,,,,,,,,,
,,,,,,,,,,,,,,,,,,,,,,,,,
,,,,,,,,,,,,,,,,,,,,,,,,,
,,,,,,,,,,,,,,,,,,,,,,,,,
,,,,,,,,,,,,,,,,,,,,,,,,,
,,,,,,,,,,,,,,,,,,,,,,,,,
,,,,,,,,,,,,,,,,,,,,,,,,,
,,,,,,,,,,,,,,,,,,,,,,,,,
,,,,,,,,,,,,,,,,,,,,,,,,,
,,,,,,,,,,,,,,,,,,,,,,,,,
,,,,,,,,,,,,,,,,,,,,,,,,,
,,,,,,,,,,,,,,,,,,,,,,,,,
,,,,,,,,,,,,,,,,,,,,,,,,,
,,,,,,,,,,,,,,,,,,,,,,,,,
,,,,,,,,,,,,,,,,,,,,,,,,,
,,,,,,,,,,,,,,,,,,,,,,,,,
,,,,,,,,,,,,,,,,,,,,,,,,,
,,,,,,,,,,,,,,,,,,,,,,,,,
,,,,,,,,,,,,,,,,,,,,,,,,,
,,,,,,,,,,,,,,,,,,,,,,,,,
,,,,,,,,,,,,,,,,,,,,,,,,,
,,,,,,,,,,,,,,,,,,,,,,,,,
,,,,,,,,,,,,,,,,,,,,,,,,,
,,,,,,,,,,,,,,,,,,,,,,,,,
,,,,,,,,,,,,,,,,,,,,,,,,,
,,,,,,,,,,,,,,,,,,,,,,,,,
,,,,,,,,,,,,,,,,,,,,,,,,,
,,,,,,,,,,,,,,,,,,,,,,,,,
,,,,,,,,,,,,,,,,,,,,,,,,,
,,,,,,,,,,,,,,,,,,,,,,,,,
,,,,,,,,,,,,,,,,,,,,,,,,,
,,,,,,,,,,,,,,,,,,,,,,,,,
,,,,,,,,,,,,,,,,,,,,,,,,,
,,,,,,,,,,,,,,,,,,,,,,,,,
,,,,,,,,,,,,,,,,,,,,,,,,,
,,,,,,,,,,,,,,,,,,,,,,,,,
,,,,,,,,,,,,,,,,,,,,,,,,,
,,,,,,,,,,,,,,,,,,,,,,,,,
,,,,,,,,,,,,,,,,,,,,,,,,,
,,,,,,,,,,,,,,,,,,,,,,,,,
,,,,,,,,,,,,,,,,,,,,,,,,,
,,,,,,,,,,,,,,,,,,,,,,,,,
,,,,,,,,,,,,,,,,,,,,,,,,,
,,,,,,,,,,,,,,,,,,,,,,,,,
,,,,,,,,,,,,,,,,,,,,,,,,,
,,,,,,,,,,,,,,,,,,,,,,,,,
,,,,,,,,,,,,,,,,,,,,,,,,,
,,,,,,,,,,,,,,,,,,,,,,,,,
,,,,,,,,,,,,,,,,,,,,,,,,,
,,,,,,,,,,,,,,,,,,,,,,,,,
,,,,,,,,,,,,,,,,,,,,,,,,,
,,,,,,,,,,,,,,,,,,,,,,,,,
,,,,,,,,,,,,,,,,,,,,,,,,,
,,,,,,,,,,,,,,,,,,,,,,,,,
,,,,,,,,,,,,,,,,,,,,,,,,,
,,,,,,,,,,,,,,,,,,,,,,,,,
,,,,,,,,,,,,,,,,,,,,,,,,,
,,,,,,,,,,,,,,,,,,,,,,,,,
,,,,,,,,,,,,,,,,,,,,,,,,,
,,,,,,,,,,,,,,,,,,,,,,,,,
,,,,,,,,,,,,,,,,,,,,,,,,,
,,,,,,,,,,,,,,,,,,,,,,,,,
,,,,,,,,,,,,,,,,,,,,,,,,,
,,,,,,,,,,,,,,,,,,,,,,,,,
,,,,,,,,,,,,,,,,,,,,,,,,,
,,,,,,,,,,,,,,,,,,,,,,,,,
